{
    "valid_mse": 21142.30859375,
    "runtime": 1219.961669921875
}