{
    "valid_mse": 1951.0072021484375,
    "runtime": 2397.785400390625
}