{
    "bal_acc": 0.26470021206863315,
    "precision": 0.21212121212121213
}