{
    "bal_acc": 0.34961154273029965,
    "precision": 0.11711711711711711
}