{
    "bal_acc": 0.16030701754385965,
    "precision": 0.009727626459143969
}