{
    "bal_acc": 0.315173941227312,
    "precision": 0.14864864864864866
}