{
    "bal_acc": 0.2544446605718732,
    "precision": 0.07667731629392971
}