{
    "bal_acc": 0.25790842404430514,
    "precision": 0.14518147684605756
}