{
    "bal_acc": 0.10384615384615385,
    "precision": 0.03924418604651163
}