{
    "valid_mse": [
        3.1416642741532996e-05,
        0.0001319356233580038,
        0.00017716785077936947,
        2.8127034966018982e-05,
        0.0007778536528348923,
        2.9600210837088525e-05,
        3.0336434065247886e-05,
        3.0131945095490664e-05,
        3.670064324978739e-05,
        4.184533463558182e-05,
        0.0012815648224204779,
        0.00019247201271355152,
        5.9243033319944516e-05,
        5.469970710691996e-05,
        9.631297871237621e-05,
        0.00011160907160956413,
        4.221951894578524e-05,
        0.00014970260963309556,
        9.548937669023871e-05,
        9.369732288178056e-05,
        0.0002612548414617777,
        0.09975892305374146,
        2.47925563598983e-05,
        0.0002631789247971028
    ],
    "runtime": [
        65.90430450439453,
        16.326400756835938,
        15.931293487548828,
        138.36512756347656,
        14.818331718444824,
        98.62078857421875,
        78.54364776611328,
        83.102294921875,
        37.6885986328125,
        35.65966796875,
        14.543800354003906,
        15.781018257141113,
        17.381071090698242,
        19.633594512939453,
        16.53009033203125,
        16.412376403808594,
        20.007638931274414,
        16.0167293548584,
        17.202083587646484,
        17.219453811645508,
        15.424885749816895,
        14.241203308105469,
        149.3936767578125,
        14.844855308532715
    ]
}