{
    "valid_mse": [
        0.0038210339844226837,
        0.00916349794715643,
        0.01077636145055294,
        0.012871161103248596,
        0.006360530853271484,
        0.016702599823474884,
        0.009773137047886848,
        0.015431797131896019,
        0.011801732704043388,
        0.012281172908842564,
        0.009607808664441109
    ],
    "runtime": [
        17.867145538330078,
        8.604694366455078,
        8.22375774383545,
        7.969156742095947,
        8.7981538772583,
        6.892875671386719,
        8.285171508789062,
        7.8756914138793945,
        8.056436538696289,
        8.017589569091797,
        8.474837303161621
    ]
}