{
    "valid_mse": [
        0.22103722393512726,
        0.2479087859392166,
        0.24210454523563385,
        0.23385143280029297,
        0.23135647177696228,
        0.22808638215065002,
        0.22770246863365173,
        0.22385767102241516,
        0.2385551780462265,
        0.24196448922157288,
        0.29411935806274414,
        0.27544406056404114,
        0.2533147633075714,
        0.2522200644016266,
        0.2584463953971863,
        0.26468250155448914,
        0.3055104911327362,
        0.2867334485054016,
        0.29325568675994873,
        0.22341471910476685,
        0.22187338769435883,
        0.22013874351978302,
        0.35439884662628174
    ],
    "runtime": [
        245.58999633789062,
        71.21905517578125,
        73.73539733886719,
        88.76123809814453,
        88.76593780517578,
        100.88754272460938,
        102.22667694091797,
        137.85890197753906,
        82.4725341796875,
        81.32018280029297,
        59.329917907714844,
        60.664791107177734,
        67.66080474853516,
        70.34589385986328,
        67.0909423828125,
        61.35326385498047,
        57.72611999511719,
        60.271305084228516,
        60.26275634765625,
        155.38861083984375,
        155.79661560058594,
        790.286865234375,
        55.044822692871094
    ]
}