{
    "valid_mse": [
        0.0030123982578516006,
        0.00038703440804965794,
        0.0003705833514686674,
        0.0018679932691156864,
        0.0009588503744453192,
        0.001018407172523439,
        0.0009152361308224499,
        0.0011844391701743007,
        0.0005319566698744893,
        0.0005974231171421707,
        0.00022325738973449916,
        0.0002108628978021443,
        0.0019700699485838413,
        0.0005299996118992567,
        0.00032721212483011186,
        0.0003366217715665698,
        0.00023918310762383044,
        0.00022821010497864336,
        0.0015683537349104881,
        0.0002206060162279755,
        0.00020775065058842301,
        0.00019116883049719036,
        0.0006969899986870587,
        0.0008865350973792374,
        0.0008957830723375082,
        0.00018378853565081954,
        0.00015851978969294578,
        0.0004618481907527894,
        0.0003931071260012686,
        0.0003948031226173043,
        0.000559184409212321,
        0.0011964334407821298,
        0.0019636410288512707,
        0.001301001524552703,
        0.0007128810975700617,
        0.0005817537312395871,
        0.0008782643708400428,
        0.0026091099716722965
    ],
    "runtime": [
        76.7295913696289,
        123.10994720458984,
        132.21353149414062,
        78.10884094238281,
        83.22367095947266,
        82.61753845214844,
        83.8079833984375,
        82.421875,
        103.26605987548828,
        92.88540649414062,
        258.4076843261719,
        328.3121032714844,
        77.0238265991211,
        103.53607940673828,
        142.6183624267578,
        141.1971893310547,
        164.94483947753906,
        210.33119201660156,
        78.18376922607422,
        259.73504638671875,
        341.0282897949219,
        383.3807067871094,
        90.3405990600586,
        85.58847045898438,
        85.57963562011719,
        433.44256591796875,
        494.0286560058594,
        105.89754486083984,
        116.8377685546875,
        116.41244506835938,
        101.43385314941406,
        81.953857421875,
        77.47569274902344,
        79.58564758300781,
        88.64434814453125,
        97.09678649902344,
        86.3642578125,
        76.72978210449219
    ]
}