{
    "bal_acc": [
        0.9714671293618662,
        0.9714671293618662,
        0.9714671293618662,
        0.9714671293618662,
        0.9714671293618662,
        0.9714671293618662,
        0.9703585887796414,
        0.9714671293618662,
        0.9725756699440911
    ],
    "precision": [
        0.9695660522273426,
        0.9695660522273426,
        0.9695660522273426,
        0.9695660522273426,
        0.9695660522273426,
        0.9695660522273426,
        0.9703585887796414,
        0.9695660522273426,
        0.9691387559808613
    ]
}