{
    "bal_acc": [
        0.7665926748057714,
        0.7837402885682574,
        0.753607103218646,
        0.5660377358490566,
        0.6008324084350721,
        0.7471143174250832,
        0.7400110987791343,
        0.6008324084350721
    ],
    "precision": [
        0.8049771457592687,
        0.7766774891774892,
        0.8121584699453552,
        0.8935185185185186,
        0.8588072669826224,
        0.8167140825035561,
        0.8538121727748691,
        0.8588072669826224
    ]
}