{
    "bal_acc": [
        0.9294241573033708,
        0.9213753241140882,
        0.9221856093344858,
        0.9253997407087294,
        0.9294241573033708,
        0.9286138720829732
    ],
    "precision": [
        0.9142522146951537,
        0.9328801331853496,
        0.9249401913875598,
        0.9227053140096618,
        0.9142522146951537,
        0.9207051961823967
    ]
}