{
    "bal_acc": [
        0.8958957401283797,
        0.9033748297996499,
        0.8664170394864812,
        0.8809375607858394,
        0.8926278934059522,
        0.8884166504571095,
        0.8884166504571095,
        0.885148803734682,
        0.8167574401867341
    ],
    "precision": [
        0.9172748892898146,
        0.906809086629002,
        0.9448051948051948,
        0.9428164428164428,
        0.925556586270872,
        0.9291901302497528,
        0.9291901302497528,
        0.9385298547129695,
        0.9457842868874897
    ]
}