{
    "bal_acc": [
        0.950221301070558,
        0.9552848268347207,
        0.9540435187993574,
        0.9531448342488682,
        0.9578657365281569,
        0.9571467888877656,
        0.9533245711589661,
        0.9439333176063537,
        0.9578657365281569
    ],
    "precision": [
        0.9620379514808225,
        0.9519492394843659,
        0.9529224781299725,
        0.9607253400745441,
        0.9450859950859951,
        0.9505569026029383,
        0.9591094913763027,
        0.9638811611555211,
        0.9450859950859951
    ]
}