{
    "bal_acc": [
        0.978134110787172
    ],
    "precision": [
        0.9791925280750599
    ]
}