{
    "bal_acc": [
        0.9842490842490843,
        0.9842490842490843
    ],
    "precision": [
        0.984707609493516,
        0.984707609493516
    ]
}